team,writer,x_handle,handle,did,display_name,followers,domain_verified,last_post_at,posts_30d,score,evidence,verdict
DAL,Kyle Youmans,kyle_youmans,kyledcheney.bsky.social,did:plc:euynv325eix7glyek377orak,Kyle Cheney,294443,0,2026-09-25T22:25:38.914Z,40,4,beat-language; 294k followers,WEAK - probably not him
DAL,Clarence Hill Jr.,ClarenceHillJr,edwardongwesojr.com,did:plc:2jd7mrznwcfwcirhpfjw74jb,Edward Ongweso Jr,54264,1,2026-09-21T21:24:41.369Z,14,9,name; beat-language; domain-verified; 54k followers,STRONG
WAS,Ben Standig,BenStandig,benstandig.bsky.social,did:plc:d5kxr5amrrgqlepuyd45c7kw,Ben Standig,16086,0,2026-08-14T13:07:44.403Z,0,12,name; team:commanders; beat-language; 16k followers; in curated NFL pack,DORMANT - no posts in 30d
WAS,John Keim,John_Keim,jburnmurdoch.ft.com,did:plc:ho34pe25d3ywc6g6vxugre2i,John Burn-Murdoch,118734,1,2026-09-19T16:54:13.770Z,40,7,beat-language; domain-verified; 118k followers,LIKELY - eyeball it
NYG,Jordan Raanan,JordanRaanan,bykevinclark.bsky.social,did:plc:usvznumdatqdum52hdoz3ufh,Kevin Clark,48768,0,2025-06-12T13:18:14.414Z,0,8,beat-language; 48k followers; in curated NFL pack,DORMANT - no posts in 30d
NYG,Paul Schwartz,NYPost_Schwartz,swin24.bsky.social,did:plc:jp6kosbeb3bkbadjr2ttznbu,Asawin Suebsaeng,199477,0,2026-09-29T01:46:59.082Z,40,4,beat-language; 199k followers,WEAK - probably not him
PHI,Jeff McLane,Jeff_McLane,jeff-mclane.bsky.social,did:plc:rhe7we6t4iayfaxkrjxe5a6u,Jeff McLane,4634,0,2026-06-17T15:43:00.596Z,0,8,name; team:eagles; beat-language; 4k followers,DORMANT - no posts in 30d
PHI,Eliot Shorr-Parks,EliotShorrParks,eliotshorrparks.bsky.social,did:plc:h6matlaoupskrfd3myncrtt6,Eliot Shorr-Parks,6552,0,2025-08-22T23:41:29.956Z,0,8,name; team:eagles; beat-language; 6k followers,DORMANT - no posts in 30d
GB,Andy Herman,AndyHermanNFL,andyhermannfl.bsky.social,did:plc:vxepewu7h32igypmgy76nr7g,Andy Herman,8380,0,2026-09-29T06:18:11.481Z,40,5,name; beat-language; 8k followers,LIKELY - eyeball it
GB,Matt Schneidman,mattschneidman,mattschneidman.bsky.social,did:plc:fytc2wlna5pc7ievmae2h2xk,Matt Schneidman,5337,0,2024-12-19T13:46:25.768Z,0,8,name; team:packers; beat-language; 5k followers,DORMANT - no posts in 30d
MIN,Alec Lewis,alec_lewis,lewisgoodall.com,did:plc:4jajixlbh346ugyindwqppwc,Lewis Goodall,147748,1,2026-09-13T13:42:41.751Z,8,9,name; beat-language; domain-verified; 147k followers,STRONG
MIN,Ben Goessling,bengoessling,bengoessling.bsky.social,did:plc:kpja25hrau36cr7xvttgbk2x,Ben Goessling,9969,0,2026-09-28T22:56:04.945Z,40,8,name; team:vikings; beat-language; 9k followers,STRONG
CHI,Brad Biggs,BradBiggs,bradbiggs.bsky.social,did:plc:wfizkbkerbrjfxsg5mhl7z4l,Brad Biggs,8913,0,2026-08-04T20:33:44.425Z,0,8,name; team:bears; beat-language; 8k followers,DORMANT - no posts in 30d
CHI,Kevin Fishbain,kfishbain,kfishbain.bsky.social,did:plc:atgji34mbfn4yifmy2lnp43e,Kevin Fishbain,47225,0,2026-09-29T13:03:36.549Z,40,13,name; team:bears; beat-language; 47k followers; in curated NFL pack,STRONG
DET,Colton Pouncy,colton_pouncy,coltonpouncy.bsky.social,did:plc:mcwzhu2niyrplkqmopwa3rwr,Colton Pouncy,9285,0,2026-09-11T13:53:52.664Z,2,6,name; team:lions; 9k followers,LIKELY - eyeball it
DET,Tim Twentyman,ttwentyman,governorwalz.mn.gov,did:plc:ss57ywhxcvh62qbdbfc4c252,Governor Tim Walz,491498,1,2026-09-27T23:35:33.956Z,40,5,domain-verified; 491k followers,LIKELY - eyeball it
TB,Greg Auman,gregauman,gregpak.net,did:plc:j53elsjlcag3iuran5ezcy32,Greg Pak,109245,1,2026-09-29T13:50:36.970Z,39,7,beat-language; domain-verified; 109k followers,LIKELY - eyeball it
ATL,D. Orlando Ledbetter,DOrlandoAJC,bykevinclark.bsky.social,did:plc:usvznumdatqdum52hdoz3ufh,Kevin Clark,48768,0,2025-06-12T13:18:14.414Z,0,8,beat-language; 48k followers; in curated NFL pack,DORMANT - no posts in 30d
ATL,Tori McElhaney,tori_mcelhaney,buildwithtori.com,did:plc:76iqtegcbbr4pbcxomka5pat,Tori,42349,1,2026-09-23T18:23:26.671Z,5,5,domain-verified; 42k followers,LIKELY - eyeball it
CAR,Joseph Person,josephperson,junlper.beer,did:plc:mf5dzzqkp7fnmby6blfeljwj,onion person,316176,1,2026-09-27T03:12:28.872Z,40,7,name; domain-verified; 316k followers,LIKELY - eyeball it
CAR,Darin Gantt,daringantt,daringantt.bsky.social,did:plc:hthxyokkw7fxqsrln44gryep,Darin Gantt,2989,0,2026-09-29T12:53:56.171Z,40,7,name; team:panthers; beat-language,LIKELY - eyeball it
NO,Nick Underhill,nick_underhill,nickunderhill.bsky.social,did:plc:uw574hihkaxbnclfaitevawa,Nick Underhill,11153,0,2026-09-28T19:49:25.129Z,16,10,name; team:saints; 11k followers; in curated NFL pack,STRONG
NO,Mike Triplett,MikeTriplett,mikegolicjr.bsky.social,did:plc:o3lr4ndxrbvj2vrcelvak5la,Mike Golic Jr,134368,0,2026-09-27T05:36:14.632Z,40,6,134k followers; in curated NFL pack,LIKELY - eyeball it
SEA,Gregg Bell,gbellseattle,bell.bz,did:plc:pzgvqg4ihnaihkrpmxqz5pu6,Andy Bell,52537,1,2026-09-29T13:16:03.644Z,40,7,name; domain-verified; 52k followers,LIKELY - eyeball it
SEA,Bob Condotta,bcondotta,sportssturm.bsky.social,did:plc:hsifajb254ksqdjiwy3lbghz,Bob Sturm,32364,0,2026-09-25T17:36:19.263Z,20,6,32k followers; in curated NFL pack,LIKELY - eyeball it
ARI,Bobby Mac,azbobbymac,djbobbymac.bsky.social,did:plc:ehazt36jkulgfswglxsoknrm,DJ Bobby Mac,423,0,2026-09-18T17:04:58.756Z,8,2,name,WEAK - probably not him
SF,Eric Branch,Eric_Branch,ericlipton.nytimes.com,did:plc:agiex7zg5lulytsxulmalrgz,Eric Lipton NYT,68633,1,2026-09-28T21:35:05.771Z,40,7,beat-language; domain-verified; 68k followers,LIKELY - eyeball it
SF,Cam Inman,CamInman,caminman.bsky.social,did:plc:jdcsvhpwlcdj2nwxq2yy62be,Cam Inman,2320,0,2025-06-14T15:25:17.030Z,0,7,name; team:49ers; beat-language,DORMANT - no posts in 30d
LA,Jourdan Rodrigue,JourdanRodrigue,jourdanrodrigue.bsky.social,did:plc:eg6pz6xjlbl2k4h6l3p3honm,Jourdan Rodrigue,99887,0,2026-09-29T02:19:22.803Z,40,13,name; team:rams; beat-language; 99k followers; in curated NFL pack,STRONG
NE,Mike Reiss,MikeReiss,mikereiss.bsky.social,did:plc:mjyr52xn3im6qldhgbbkorke,Mike Reiss,67711,0,2026-09-29T09:14:38.576Z,40,13,name; team:patriots; beat-language; 67k followers; in curated NFL pack,STRONG
NE,Evan Lazar,ezlazar,ezlazar.bsky.social,did:plc:vp4arcjnqigf5mdjkp2dlhp3,Evan Lazar,6595,0,2026-09-29T01:41:51.522Z,11,8,name; team:patriots; beat-language; 6k followers,STRONG
NYJ,Brian Costello,BrianCoz,brianstelter.bsky.social,did:plc:anlicnys5zv7r34wjfnko6pc,Brian Stelter,150180,0,2026-09-29T13:55:45.158Z,40,4,beat-language; 150k followers,WEAK - probably not him
NYJ,Rich Cimini,richcimini,sportsinfosolutions.com,did:plc:vuxpd3gs2yfbf4bn4kibzhmx,Sports Info Solutions,33969,1,2026-09-28T21:13:43.791Z,40,9,domain-verified; 33k followers; in curated NFL pack,STRONG
BUF,Sal Maiorana,salmaiorana,salmaiorana.bsky.social,did:plc:i2si7mykbsiytkurgvu2jy66,Sal Maiorana,4606,0,2026-09-28T14:54:11.520Z,40,8,name; team:bills; beat-language; 4k followers,STRONG
BUF,Sal Capaccio,SalSports,salsports.bsky.social,did:plc:ystikbo3llya3vmmgazhul66,Sal Capaccio,6510,0,2026-02-05T21:20:02.366Z,0,8,name; team:bills; beat-language; 6k followers,DORMANT - no posts in 30d
MIA,David Furones,DavidFurones_,volts.wtf,did:plc:twjze4qqf6fgxz33ct52wlnl,David Roberts,109678,1,2026-09-29T13:51:00.475Z,40,5,domain-verified; 109k followers,LIKELY - eyeball it
MIA,Joe Schad,schadjoe,schadjoe.bsky.social,did:plc:royacajf6fcopibvjosde5tf,Joe Schad,3831,0,2026-09-08T19:31:20.188Z,7,6,name; team:dolphins; 3k followers,LIKELY - eyeball it
PIT,Mark Kaboly,MarkKaboly,mjsdc.bsky.social,did:plc:6h7b2i6ttw3l4t7pvbvxdith,Mark Joseph Stern,174370,0,2026-09-17T13:54:11.703Z,9,4,beat-language; 174k followers,WEAK - probably not him
PIT,Alex Kozora,Alex_Kozora,alexwinter.com,did:plc:4346ggm37cztthfhreztespj,Alex Winter,211274,1,2026-09-29T13:24:55.993Z,40,5,domain-verified; 211k followers,LIKELY - eyeball it
CIN,Paul Dehner Jr.,pauldehnerjr,edwardongwesojr.com,did:plc:2jd7mrznwcfwcirhpfjw74jb,Edward Ongweso Jr,54264,1,2026-09-21T21:24:41.369Z,14,9,name; beat-language; domain-verified; 54k followers,STRONG
CIN,Kelsey Conway,KelseyLConway,gtconway.bsky.social,did:plc:4lx6nur5wstwoc4wtgj56kyu,George Conway ⚖️🇺🇸,836816,0,2026-09-29T14:06:27.981Z,40,6,name; beat-language; 836k followers,LIKELY - eyeball it
BAL,Jamison Hensley,jamisonhensley,jamisonhensley.bsky.social,did:plc:bim673ovsu634yyzw75fdhdj,Jamison Hensley,34039,0,2024-11-21T02:24:04.826Z,0,13,name; team:ravens; beat-language; 34k followers; in curated NFL pack,DORMANT - no posts in 30d
BAL,Jeff Zrebiec,jeffzrebiec,cjzero.bsky.social,did:plc:4vziktoq7p6jd3i5l3wtmfab,CJ Fogler,79997,0,2026-09-29T02:37:28.656Z,40,6,79k followers; in curated NFL pack,LIKELY - eyeball it
CLE,Mary Kay Cabot,MaryKayCabot,marykaycabot.bsky.social,did:plc:qemctcxvdb3drpau7ffwtusi,MaryKayCabot,482,0,2025-03-10T16:18:51.465Z,0,7,name; team:browns; beat-language,DORMANT - no posts in 30d
IND,George Bremer,gmbremer,georgehahn.com,did:plc:3qptukurts456t6ug7me4o62,George Hahn,155765,1,2026-09-29T00:22:49.604Z,40,5,domain-verified; 155k followers,LIKELY - eyeball it
IND,Mike Chappell,mchappell51,mikegolicjr.bsky.social,did:plc:o3lr4ndxrbvj2vrcelvak5la,Mike Golic Jr,134369,0,2026-09-27T05:36:14.632Z,40,6,134k followers; in curated NFL pack,LIKELY - eyeball it
HOU,Aaron Wilson,AaronWilson_NFL,aaronwilsonnfl.bsky.social,did:plc:6gxldxcweqmf3lytxx7ddipp,Aaron Wilson,7492,0,2026-09-28T20:04:31.088Z,28,6,name; team:texans; 7k followers,LIKELY - eyeball it
HOU,John Crumpler,JohnHCrumpler,jburnmurdoch.ft.com,did:plc:ho34pe25d3ywc6g6vxugre2i,John Burn-Murdoch,118734,1,2026-09-19T16:54:13.770Z,40,7,beat-language; domain-verified; 118k followers,LIKELY - eyeball it
JAX,Demetrius Harvey,Demetrius82,demetrius.bsky.social,did:plc:7hygc7jytj5skvqxr25ceguw,Demetrius Harvey,12488,0,2026-09-29T02:50:51.238Z,40,10,name; team:jaguars; 12k followers; in curated NFL pack,STRONG
JAX,John Shipley,_John_Shipley,jburnmurdoch.ft.com,did:plc:ho34pe25d3ywc6g6vxugre2i,John Burn-Murdoch,118734,1,2026-09-19T16:54:13.770Z,40,7,beat-language; domain-verified; 118k followers,LIKELY - eyeball it
TEN,Nick Suss,nicksuss,nickbaumgardner.bsky.social,did:plc:377szmobv24dravpuuu5ihem,Nick Baumgardner,27667,0,2026-09-29T11:30:36.269Z,40,8,beat-language; 27k followers; in curated NFL pack,STRONG
TEN,Terry McCormick,terrymc13,hormiga.bsky.social,did:plc:nayus6qmrnsqsvlgzqdayhmv,Terry McGlynn,52570,0,2026-09-29T12:33:01.162Z,40,4,beat-language; 52k followers,WEAK - probably not him
DEN,Mike Klis,mikeklis,mikegolicjr.bsky.social,did:plc:o3lr4ndxrbvj2vrcelvak5la,Mike Golic Jr,134369,0,2026-09-27T05:36:14.632Z,40,6,134k followers; in curated NFL pack,LIKELY - eyeball it
DEN,Troy Renck,TroyRenck,troyrenck.bsky.social,did:plc:67wqxhsm6tmbsfjucvhakvnt,Troy Renck,29052,0,2026-09-28T21:42:04.812Z,40,7,name; team:broncos; 29k followers,LIKELY - eyeball it
LAC,Daniel Popper,danielrpopper,taniel.bsky.social,did:plc:7vj2towokzui3hgna5u5u46f,Taniel,221230,0,2026-09-29T04:28:26.418Z,40,5,team:bolts; 221k followers,LIKELY - eyeball it
LAC,Kris Rhim,krisrhim1,krisbrown.bradyunited.org,did:plc:yfj2lagcs4k4c4ahvsbop4sy,"Kris Brown | President, @BradyUnited.org",24406,1,2026-09-28T19:53:30.559Z,12,5,domain-verified; 24k followers,LIKELY - eyeball it
LV,Vic Tafur,VicTafur,victafur.bsky.social,did:plc:t26jvrzxztv7jqnzcqce6nzh,Vic Tafur,1780,0,2026-09-28T14:44:31.277Z,29,4,name; beat-language,WEAK - probably not him
LV,Paul Gutierrez,pgutierrezespn,paulhgutierrez.bsky.social,did:plc:cdjeqe35uuyipxh444foug7c,Paul Gutierrez,33035,0,2026-09-28T18:49:19.156Z,23,11,name; team:raiders; 33k followers; in curated NFL pack,STRONG
KC,Matt Derrick,mattderrick,mattderrick.bsky.social,did:plc:urmecjxntv66h7vvmygvano7,Matt Derrick,4914,0,2026-09-25T13:50:58.197Z,16,8,name; team:chiefs; beat-language; 4k followers,STRONG
KC,Nate Taylor,ByNateTaylor,bynatetaylor.bsky.social,did:plc:qjfxz72vkdwpewbru4mr2zn7,Nate Taylor,21558,0,2026-09-28T15:35:46.474Z,5,13,name; team:chiefs; beat-language; 21k followers; in curated NFL pack,STRONG
KC,Jesse Newell,jessenewell,jessenewell.bsky.social,did:plc:yswlggsra4yamlftp4fu5rvl,Jesse Newell,1178,0,2026-09-28T00:32:31.053Z,21,7,name; team:chiefs; beat-language,LIKELY - eyeball it
